{
  "experiment": "IGCA Threshold Sensitivity Sweep",
  "description": "YOLOv8n COCO gate evaluated at 7 confidence thresholds on pilot + textured frames",
  "thresholds": [
    0.1,
    0.2,
    0.3,
    0.4,
    0.5,
    0.6,
    0.7
  ],
  "n_clips": 28,
  "results_by_threshold": {
    "0.1": {
      "per_category": {
        "loitering": {
          "n_risk": 8,
          "n_ig_miss": 8,
          "ig_miss_rate": 1.0,
          "ci_lower": 0.6755843804891231,
          "ci_upper": 1.0
        },
        "theft": {
          "n_risk": 2,
          "n_ig_miss": 2,
          "ig_miss_rate": 1.0,
          "ci_lower": 0.34237195288961925,
          "ci_upper": 1.0
        },
        "aggression": {
          "n_risk": 2,
          "n_ig_miss": 1,
          "ig_miss_rate": 0.5,
          "ci_lower": 0.09452865480086614,
          "ci_upper": 0.9054713451991339
        },
        "smoke": {
          "n_risk": 2,
          "n_ig_miss": 1,
          "ig_miss_rate": 0.5,
          "ci_lower": 0.09452865480086614,
          "ci_upper": 0.9054713451991339
        },
        "vandalism": {
          "n_risk": 2,
          "n_ig_miss": 1,
          "ig_miss_rate": 0.5,
          "ci_lower": 0.09452865480086614,
          "ci_upper": 0.9054713451991339
        },
        "crowd": {
          "n_risk": 5,
          "n_ig_miss": 3,
          "ig_miss_rate": 0.6,
          "ci_lower": 0.23071993220883708,
          "ci_upper": 0.8823817688407467
        },
        "audio_threat": {
          "n_risk": 3,
          "n_ig_miss": 3,
          "ig_miss_rate": 1.0,
          "ci_lower": 0.43849391955098227,
          "ci_upper": 1.0
        },
        "fire": {
          "n_risk": 2,
          "n_ig_miss": 1,
          "ig_miss_rate": 0.5,
          "ci_lower": 0.09452865480086614,
          "ci_upper": 0.9054713451991339
        },
        "channel_blockage": {
          "n_risk": 2,
          "n_ig_miss": 0,
          "ig_miss_rate": 0.0,
          "ci_lower": 0.0,
          "ci_upper": 0.6576280471103807
        }
      },
      "group_level": {
        "visually_unsupported": {
          "n_risk": 6,
          "n_ig_miss": 2,
          "ig_miss_rate": 0.3333333333333333,
          "ci_lower": 0.09676933255921683,
          "ci_upper": 0.7000116786584712
        },
        "modality_unsupported": {
          "n_risk": 3,
          "n_ig_miss": 3,
          "ig_miss_rate": 1.0,
          "ci_lower": 0.43849391955098227,
          "ci_upper": 1.0
        },
        "proxy_supported": {
          "n_risk": 19,
          "n_ig_miss": 15,
          "ig_miss_rate": 0.7894736842105263,
          "ci_lower": 0.5666528575973392,
          "ci_upper": 0.9149246150840843
        }
      },
      "n_clips_evaluated": 28,
      "n_gate_fires": 8
    },
    "0.2": {
      "per_category": {
        "loitering": {
          "n_risk": 8,
          "n_ig_miss": 8,
          "ig_miss_rate": 1.0,
          "ci_lower": 0.6755843804891231,
          "ci_upper": 1.0
        },
        "theft": {
          "n_risk": 2,
          "n_ig_miss": 2,
          "ig_miss_rate": 1.0,
          "ci_lower": 0.34237195288961925,
          "ci_upper": 1.0
        },
        "aggression": {
          "n_risk": 2,
          "n_ig_miss": 2,
          "ig_miss_rate": 1.0,
          "ci_lower": 0.34237195288961925,
          "ci_upper": 1.0
        },
        "smoke": {
          "n_risk": 2,
          "n_ig_miss": 2,
          "ig_miss_rate": 1.0,
          "ci_lower": 0.34237195288961925,
          "ci_upper": 1.0
        },
        "vandalism": {
          "n_risk": 2,
          "n_ig_miss": 2,
          "ig_miss_rate": 1.0,
          "ci_lower": 0.34237195288961925,
          "ci_upper": 1.0
        },
        "crowd": {
          "n_risk": 5,
          "n_ig_miss": 4,
          "ig_miss_rate": 0.8,
          "ci_lower": 0.3755282641185388,
          "ci_upper": 0.9637768390302125
        },
        "audio_threat": {
          "n_risk": 3,
          "n_ig_miss": 3,
          "ig_miss_rate": 1.0,
          "ci_lower": 0.43849391955098227,
          "ci_upper": 1.0
        },
        "fire": {
          "n_risk": 2,
          "n_ig_miss": 1,
          "ig_miss_rate": 0.5,
          "ci_lower": 0.09452865480086614,
          "ci_upper": 0.9054713451991339
        },
        "channel_blockage": {
          "n_risk": 2,
          "n_ig_miss": 2,
          "ig_miss_rate": 1.0,
          "ci_lower": 0.34237195288961925,
          "ci_upper": 1.0
        }
      },
      "group_level": {
        "visually_unsupported": {
          "n_risk": 6,
          "n_ig_miss": 5,
          "ig_miss_rate": 0.8333333333333334,
          "ci_lower": 0.43649056343635395,
          "ci_upper": 0.9699474141282697
        },
        "modality_unsupported": {
          "n_risk": 3,
          "n_ig_miss": 3,
          "ig_miss_rate": 1.0,
          "ci_lower": 0.43849391955098227,
          "ci_upper": 1.0
        },
        "proxy_supported": {
          "n_risk": 19,
          "n_ig_miss": 18,
          "ig_miss_rate": 0.9473684210526315,
          "ci_lower": 0.7536078466345479,
          "ci_upper": 0.99064824750947
        }
      },
      "n_clips_evaluated": 28,
      "n_gate_fires": 2
    },
    "0.3": {
      "per_category": {
        "loitering": {
          "n_risk": 8,
          "n_ig_miss": 8,
          "ig_miss_rate": 1.0,
          "ci_lower": 0.6755843804891231,
          "ci_upper": 1.0
        },
        "theft": {
          "n_risk": 2,
          "n_ig_miss": 2,
          "ig_miss_rate": 1.0,
          "ci_lower": 0.34237195288961925,
          "ci_upper": 1.0
        },
        "aggression": {
          "n_risk": 2,
          "n_ig_miss": 2,
          "ig_miss_rate": 1.0,
          "ci_lower": 0.34237195288961925,
          "ci_upper": 1.0
        },
        "smoke": {
          "n_risk": 2,
          "n_ig_miss": 2,
          "ig_miss_rate": 1.0,
          "ci_lower": 0.34237195288961925,
          "ci_upper": 1.0
        },
        "vandalism": {
          "n_risk": 2,
          "n_ig_miss": 2,
          "ig_miss_rate": 1.0,
          "ci_lower": 0.34237195288961925,
          "ci_upper": 1.0
        },
        "crowd": {
          "n_risk": 5,
          "n_ig_miss": 4,
          "ig_miss_rate": 0.8,
          "ci_lower": 0.3755282641185388,
          "ci_upper": 0.9637768390302125
        },
        "audio_threat": {
          "n_risk": 3,
          "n_ig_miss": 3,
          "ig_miss_rate": 1.0,
          "ci_lower": 0.43849391955098227,
          "ci_upper": 1.0
        },
        "fire": {
          "n_risk": 2,
          "n_ig_miss": 2,
          "ig_miss_rate": 1.0,
          "ci_lower": 0.34237195288961925,
          "ci_upper": 1.0
        },
        "channel_blockage": {
          "n_risk": 2,
          "n_ig_miss": 2,
          "ig_miss_rate": 1.0,
          "ci_lower": 0.34237195288961925,
          "ci_upper": 1.0
        }
      },
      "group_level": {
        "visually_unsupported": {
          "n_risk": 6,
          "n_ig_miss": 6,
          "ig_miss_rate": 1.0,
          "ci_lower": 0.6096569663469354,
          "ci_upper": 0.9999999999999999
        },
        "modality_unsupported": {
          "n_risk": 3,
          "n_ig_miss": 3,
          "ig_miss_rate": 1.0,
          "ci_lower": 0.43849391955098227,
          "ci_upper": 1.0
        },
        "proxy_supported": {
          "n_risk": 19,
          "n_ig_miss": 18,
          "ig_miss_rate": 0.9473684210526315,
          "ci_lower": 0.7536078466345479,
          "ci_upper": 0.99064824750947
        }
      },
      "n_clips_evaluated": 28,
      "n_gate_fires": 1
    },
    "0.4": {
      "per_category": {
        "loitering": {
          "n_risk": 8,
          "n_ig_miss": 8,
          "ig_miss_rate": 1.0,
          "ci_lower": 0.6755843804891231,
          "ci_upper": 1.0
        },
        "theft": {
          "n_risk": 2,
          "n_ig_miss": 2,
          "ig_miss_rate": 1.0,
          "ci_lower": 0.34237195288961925,